name,baseline_aepe_512px,baseline_coarse_epe_256px,baseline_corr_top1,baseline_valid_full,baseline_inference_ms,baseline_peak_allocated_mib,baseline_minus_attention_aepe,attention_aepe_512px,attention_coarse_epe_256px,attention_corr_top1,attention_valid_full,attention_inference_ms,attention_peak_allocated_mib,attention_minus_attention_aepe,mind_a_aepe_512px,mind_a_coarse_epe_256px,mind_a_corr_top1,mind_a_valid_full,mind_a_inference_ms,mind_a_peak_allocated_mib,mind_a_minus_attention_aepe,mind_a_attention_aepe_512px,mind_a_attention_coarse_epe_256px,mind_a_attention_corr_top1,mind_a_attention_valid_full,mind_a_attention_inference_ms,mind_a_attention_peak_allocated_mib,mind_a_attention_minus_attention_aepe,mind_b_aepe_512px,mind_b_coarse_epe_256px,mind_b_corr_top1,mind_b_valid_full,mind_b_inference_ms,mind_b_peak_allocated_mib,mind_b_minus_attention_aepe,mind_b_attention_aepe_512px,mind_b_attention_coarse_epe_256px,mind_b_attention_corr_top1,mind_b_attention_valid_full,mind_b_attention_inference_ms,mind_b_attention_peak_allocated_mib,mind_b_attention_minus_attention_aepe
000000,5.976444555367739,8.709911346435547,0.1982758641242981,251162,47.66569996718317,677.59912109375,1.5130946902589333,4.463349865108806,6.003912448883057,0.18965516984462738,251162,51.131200045347214,746.4560546875,0.0,6.925045323595725,14.61850643157959,0.0732758641242981,251162,53.00180002814159,733.55615234375,2.4616954584869193,7.084181783849876,10.719459533691406,0.06896551698446274,251162,54.86229999223724,747.45751953125,2.62083191874107,5.502367368151015,8.680334091186523,0.19396550953388214,251162,48.982499982230365,733.68505859375,1.039017503042209,4.949972476873777,6.411629676818848,0.18965516984462738,251162,51.56689998693764,747.58642578125,0.4866226117649708
000001,3.9868757379970625,4.08059024810791,0.41796875,259362,46.363200002815574,679.1005859375,-0.5053074783217837,4.492183216318846,3.3002123832702637,0.42578125,259362,50.950100005138665,746.45751953125,0.0,6.0898606105052915,13.288479804992676,0.11328125,259362,53.19710000185296,733.5576171875,1.5976773941864453,5.011000911515471,10.515953063964844,0.1328125,259362,54.623099975287914,747.458984375,0.518817695196625,3.89464604126409,4.217879772186279,0.41796875,259362,48.84230002062395,733.6865234375,-0.597537175054756,4.411809240776007,3.146547794342041,0.43359375,259362,49.778199987486005,747.587890625,-0.0803739755428392
000002,64.87697993151923,29.07010269165039,0.08189655095338821,237723,45.60680000577122,679.1005859375,39.06012538347926,25.816854548039974,17.122346878051758,0.10344827175140381,237723,47.763200011104345,746.45751953125,0.0,94.21886105753771,46.16532516479492,0.012931033968925476,237723,60.955599998123944,733.5576171875,68.40200650949774,93.46613710441369,42.53722381591797,0.012931033968925476,237723,54.07860002014786,747.458984375,67.64928255637372,62.384665214161465,28.660219192504883,0.08620689809322357,237723,47.892200003843755,733.6865234375,36.56781066612149,26.32225359124262,17.10174560546875,0.125,237723,50.07999995723367,747.587890625,0.5053990432026474
000003,6.048243770391448,7.237915992736816,0.14453125,262144,45.03019998082891,679.1005859375,0.26328463398580837,5.784959136405639,6.147580623626709,0.15234375,262144,46.65989999193698,746.45751953125,0.0,14.32219131135749,18.639604568481445,0.03515625,262144,53.39439999079332,733.5576171875,8.53723217495185,4.236530911128986,10.526176452636719,0.05859375,262144,54.54669997561723,747.458984375,-1.5484282252766537,6.536048517935303,7.146790981292725,0.14453125,262144,48.56000002473593,733.6865234375,0.7510893815296633,5.163120483151518,5.853816986083984,0.15234375,262144,49.99849997693673,747.587890625,-0.6218386532541214
000004,4.990104728027107,7.479065418243408,0.13461539149284363,223888,45.02279998268932,679.1005859375,-2.2620686022496272,7.252173330276734,10.221134185791016,0.1586538553237915,223888,45.69120000815019,746.45751953125,0.0,31.300432911920716,19.782419204711914,0.02884615585207939,223888,68.57460003811866,733.5576171875,24.048259581643983,7.144667070918168,15.064026832580566,0.04326923191547394,223888,54.55719999736175,747.458984375,-0.10750625935856561,5.833809944517336,8.030552864074707,0.13461539149284363,223888,48.33640001015738,733.6865234375,-1.418363385759398,6.527282611236844,8.967019081115723,0.17307692766189575,223888,50.345499999821186,747.587890625,-0.7248907190398901
000005,6.666969885642854,10.605685234069824,0.11637931317090988,241569,44.79819996049628,679.1005859375,2.0726337533668806,4.5943361322759735,8.041775703430176,0.14224137365818024,241569,46.04699998162687,746.45751953125,0.0,16.857094366149386,20.28965950012207,0.008620689623057842,241569,53.159400005824864,733.5576171875,12.262758233873413,10.672136407394726,18.984323501586914,0.03017241321504116,241569,55.16180000267923,747.458984375,6.0778002751187525,5.592719125539591,10.904634475708008,0.12068965286016464,241569,48.03909995825961,733.6865234375,0.9983829932636175,4.850543580985808,7.748918533325195,0.13793103396892548,241569,50.39700004272163,747.587890625,0.2562074487098345
000006,5.53548880876463,3.4815213680267334,0.2909835875034332,251960,44.74149999441579,679.1005859375,-0.00874013743830293,5.544228946202933,3.5233092308044434,0.3196721076965332,251960,45.48680002335459,746.45751953125,0.0,10.80354709234221,18.239877700805664,0.032786883413791656,251960,54.12190000060946,733.5576171875,5.259318146139277,5.843797138472068,9.271013259887695,0.024590162560343742,251960,53.92039997968823,747.458984375,0.29956819226913467,5.633445440606314,4.110860824584961,0.2909835875034332,251960,54.47269999422133,733.6865234375,0.08921649440338086,5.5440259034186665,3.5860939025878906,0.3237704634666443,251960,51.24749999959022,747.587890625,-0.00020304278426674927
000007,46.62221609265106,21.722354888916016,0.08585858345031738,216766,44.686200038995594,679.1005859375,24.324941078122055,22.297275014529003,12.882564544677734,0.10606060922145844,216766,45.79300002660602,746.45751953125,0.0,71.28395402516661,33.50352478027344,0.005050505045801401,216766,53.91449999297038,733.5576171875,48.9866790106376,75.62593900579931,35.58972930908203,0.010101010091602802,216766,54.16320002404973,747.458984375,53.328663991270304,37.3123468922372,19.72260856628418,0.08585858345031738,216766,61.865099996794015,733.6865234375,15.015071877708198,24.096705022603594,12.81389331817627,0.09090909361839294,216766,64.69030003063381,747.587890625,1.7994300080745909
000008,5.777882596735088,12.5823974609375,0.11637931317090988,245584,44.702099985443056,679.1005859375,1.6270855226462126,4.150797074088875,7.941310405731201,0.11637931317090988,245584,45.816399971954525,746.45751953125,0.0,81.14638871446023,37.1685676574707,0.012931033968925476,245584,52.93340003117919,733.5576171875,76.99559164037136,39.112425415125095,25.91935920715332,0.012931033968925476,245584,71.05249998858199,747.458984375,34.96162834103622,5.442280991960636,14.205595970153809,0.11637931317090988,245584,48.19689999567345,733.6865234375,1.2914839178717603,3.930895379292138,7.4282708168029785,0.11637931317090988,245584,49.83939998783171,747.587890625,-0.21990169479673716
000009,53.86544427935327,25.733814239501953,0.033018868416547775,227326,44.693499978166074,679.1005859375,10.206067425523855,43.659376853829414,22.552419662475586,0.04245283082127571,227326,53.556300001218915,746.45751953125,0.0,27.69862964891956,17.95075035095215,0.004716981202363968,227326,54.09900000086054,733.5576171875,-15.960747204909854,7.5535856321485495,9.942533493041992,0.014150943607091904,227326,54.39439998008311,747.458984375,-36.10579122168087,57.13042934250624,26.442262649536133,0.033018868416547775,227326,48.39619999984279,733.6865234375,13.471052488676825,50.17070788926058,24.40328598022461,0.04245283082127571,227326,50.61759997624904,747.587890625,6.511331035431162
000010,11.919389187566084,14.7090482711792,0.17796610295772552,247230,46.444699983112514,679.1005859375,4.313310300426499,7.606078887139585,9.884390830993652,0.17796610295772552,247230,45.69280002033338,746.45751953125,0.0,17.039726103658015,19.624229431152344,0.025423727929592133,247230,53.37640002835542,733.5576171875,9.43364721651843,7.906403127801417,11.006053924560547,0.025423727929592133,247230,54.33380004251376,747.458984375,0.3003242406618316,11.968267032652609,14.680405616760254,0.17796610295772552,247230,48.39820001507178,733.6865234375,4.362188145513024,8.477184111183186,9.81098747253418,0.17796610295772552,247230,51.86680000042543,747.587890625,0.8711052240436015
000011,12.901676973680457,16.807771682739258,0.13658536970615387,217437,46.462300000712276,679.1005859375,6.8520444523627155,6.049632521317742,8.090547561645508,0.17560975253582,217437,46.190999972168356,746.45751953125,0.0,51.77371864538915,27.960285186767578,0.02926829271018505,217437,53.20630001369864,733.5576171875,45.72408612407141,26.495932908581143,21.46372413635254,0.039024390280246735,217437,54.27520000375807,747.458984375,20.4463003872634,12.679035676622686,15.660916328430176,0.13658536970615387,217437,48.231400025542825,733.6865234375,6.629403155304944,6.649288446226105,8.381942749023438,0.18048781156539917,217437,50.322099996265024,747.587890625,0.5996559249083635
000012,32.950743346631135,20.169626235961914,0.07203389704227448,247230,47.658000024966896,679.1005859375,15.653262676942798,17.297480669688337,17.13480567932129,0.08898305147886276,247230,45.906399958767,746.45751953125,0.0,14.439629597956532,15.190436363220215,0.016949152573943138,247230,56.589299987535924,733.5576171875,-2.8578510717318046,15.552471483208551,9.764142990112305,0.008474576286971569,247230,54.14520000340417,747.458984375,-1.7450091864797859,28.41371530122184,20.66957664489746,0.07203389704227448,247230,48.47799998242408,733.6865234375,11.116234631533501,18.13956862396409,16.179405212402344,0.08898305147886276,247230,50.18939997535199,747.587890625,0.8420879542757547
000013,2.4774359904766925,8.492159843444824,0.1875000149011612,251754,45.395500026643276,679.1005859375,-1.6017304359471485,4.079166426423841,7.872447967529297,0.2083333432674408,251754,46.45700001856312,746.45751953125,0.0,3.7812558072162035,9.910423278808594,0.11250000447034836,251754,54.36740000732243,733.5576171875,-0.2979106192076375,2.7357057093318455,9.49141788482666,0.13750000298023224,251754,54.417000035755336,747.458984375,-1.3434607170919954,2.4270322332982706,8.457846641540527,0.1875000149011612,251754,48.30910003511235,733.6865234375,-1.6521341931255704,3.970180460323684,8.260791778564453,0.20416668057441711,251754,53.3150999690406,747.587890625,-0.10898596610015687
000014,66.79245162354184,31.799047470092773,0.06122449040412903,205800,46.02039995370433,679.1005859375,18.654879971754255,48.13757165178758,23.79878044128418,0.06632652878761292,205800,45.66549998708069,746.45751953125,0.0,41.279237987193575,26.235979080200195,0.040816325694322586,205800,54.46820001816377,733.5576171875,-6.8583336645940065,55.34769002838178,28.616628646850586,0.030612245202064514,205800,54.95139997219667,747.458984375,7.210118376594195,64.02771173211099,29.389163970947266,0.06122449040412903,205800,48.26579999644309,733.6865234375,15.890140080323405,52.91793677653583,25.03820037841797,0.06632652878761292,205800,53.02910000318661,747.587890625,4.780365124748251
000015,44.216425363850085,24.2764835357666,0.020408162847161293,206068,44.85240002395585,679.1005859375,15.398651350258795,28.81777401359129,15.877184867858887,0.0357142835855484,206068,45.7342000445351,746.45751953125,0.0,125.90155558222294,61.27177047729492,0.0,206068,53.202400042209774,733.5576171875,97.08378156863165,101.68457432398678,52.32850646972656,0.010204081423580647,206068,54.574000008869916,747.458984375,72.86680031039549,50.212660601714745,23.74387550354004,0.020408162847161293,206068,48.08649996994063,733.6865234375,21.394886588123455,26.726484609106286,15.71499252319336,0.040816325694322586,206068,52.83719999715686,747.587890625,-2.0912894044850034
000016,15.419744017162033,13.61683177947998,0.0989583358168602,211724,44.80759997386485,679.1005859375,11.344417219087536,4.075326798074498,10.417400360107422,0.1145833358168602,211724,54.741400002967566,746.45751953125,0.0,39.370307975910045,29.540908813476562,0.02083333395421505,211724,52.95510002179071,733.5576171875,35.294981177835545,13.457604287300944,14.955289840698242,0.02083333395421505,211724,54.676299972925335,747.458984375,9.382277489226446,10.493224944248647,12.55645751953125,0.0989583358168602,211724,61.61070003872737,733.6865234375,6.417898146174149,5.276337312203172,10.161356925964355,0.1145833358168602,211724,50.11060001561418,747.587890625,1.201010514128674
000017,3.6034127259661406,6.672717571258545,0.22959183156490326,236196,44.98780000722036,679.1005859375,0.01042979338156469,3.592982932584576,6.026089191436768,0.2551020383834839,236196,45.763100031763315,746.45751953125,0.0,9.191818257785858,15.45327377319336,0.09693877398967743,236196,53.57460002414882,733.5576171875,5.598835325201282,4.211389882308664,11.300980567932129,0.08673468977212906,236196,54.819899960421026,747.458984375,0.618406949724088,3.5222258224525604,6.953550338745117,0.22959183156490326,236196,48.117399972397834,733.6865234375,-0.07075711013201547,3.6257857696846747,5.663245677947998,0.2602040767669678,236196,50.210900022648275,747.587890625,0.03280283710009879
000018,5.6462227797871565,7.789597034454346,0.19711539149284363,221774,44.96690002270043,679.1005859375,1.0919776823696932,4.554245097417463,7.304415225982666,0.20673078298568726,221774,45.758599997498095,746.45751953125,0.0,41.58389457517219,29.16183853149414,0.014423077926039696,221774,53.10979997739196,733.5576171875,37.029649477754724,14.118574419787366,15.649649620056152,0.01923076994717121,221774,53.90580004313961,747.458984375,9.564329322369904,5.8391968689949785,7.526697158813477,0.19711539149284363,221774,48.28710004221648,733.6865234375,1.2849517715775152,4.2017600804767765,7.491806507110596,0.2211538553237915,221774,50.206199986860156,747.587890625,-0.3524850169406868
000019,16.061458498169483,13.806321144104004,0.07692307978868484,221774,44.95499999029562,679.1005859375,8.186472380071724,7.874986118097759,9.537907600402832,0.08653846383094788,221774,46.03020002832636,746.45751953125,0.0,30.286547729550335,26.668838500976562,0.014423077926039696,221774,53.420100011862814,733.5576171875,22.411561611452576,10.040047239286562,13.4651517868042,0.0,221774,55.9036000049673,747.458984375,2.1650611211888027,15.71742527307473,13.036561012268066,0.07692307978868484,221774,48.54639997938648,733.6865234375,7.8424391549769705,7.422672852531042,9.846095085144043,0.09134615957736969,221774,50.3183999680914,747.587890625,-0.45231326556671725
000020,5.616862440443572,10.570199012756348,0.12288135290145874,249022,46.99239996261895,679.1005859375,0.5110575385778713,5.1058049018657,9.316569328308105,0.13983051478862762,249022,46.36999999638647,746.45751953125,0.0,17.79719425110805,18.48197364807129,0.029661016538739204,249022,53.42009995365515,733.5576171875,12.69138934924235,7.696585292004423,12.466397285461426,0.025423727929592133,249022,55.29300001217052,747.458984375,2.5907803901387227,6.572497047532817,10.827461242675781,0.12711864709854126,249022,48.57579997042194,733.6865234375,1.4666921456671167,4.818344676766892,10.057609558105469,0.13135592639446259,249022,50.09309999877587,747.587890625,-0.2874602250988083
000021,13.094439040982156,18.437793731689453,0.05769231170415878,224679,44.58740004338324,679.1005859375,1.1633979745744014,11.931041066407754,14.008467674255371,0.07692307978868484,224679,45.92789994785562,746.45751953125,0.0,81.58496092312113,41.41957473754883,0.014423077926039696,224679,53.70720004430041,733.5576171875,69.65391985671337,33.98362656015806,15.158843040466309,0.014423077926039696,224679,55.05050002830103,747.458984375,22.052585493750303,21.517880419261356,16.481029510498047,0.05288461595773697,224679,48.37979999138042,733.6865234375,9.586839352853602,15.663468426535637,15.154718399047852,0.07211538404226303,224679,50.07569998269901,747.587890625,3.7324273601278826
000022,3.4000276494079187,4.9092583656311035,0.20081965625286102,255114,44.68049999559298,679.1005859375,0.06164735657049247,3.338380292837426,5.101936340332031,0.20901638269424438,255114,45.780899992678314,746.45751953125,0.0,10.135431494627952,13.84356689453125,0.06557376682758331,255114,68.58970003668219,733.5576171875,6.797051201790525,3.688090021642604,7.009339809417725,0.08606556802988052,255114,54.43129997001961,747.458984375,0.3497097288051778,3.499976538496529,5.0631890296936035,0.20081965625286102,255114,48.79860003711656,733.6865234375,0.1615962456591027,3.31057411569568,5.3547821044921875,0.21721310913562775,255114,50.24409998441115,747.587890625,-0.027806177141746158
