name,valid_coarse,original_coarse_epe_256px,original_corr_ce,original_corr_top1,fixed_coarse_epe_256px,fixed_corr_ce,fixed_corr_top1,delta_coarse_epe_256px,delta_corr_top1
000000,232,4.114212512969971,2.1099023818969727,0.4396551847457886,4.114212512969971,2.1100714206695557,0.4396551847457886,0.0,0.0
000001,256,2.4773786067962646,1.0127729177474976,0.77734375,2.4773786067962646,1.0129106044769287,0.77734375,0.0,0.0
000002,232,8.02719497680664,2.7645065784454346,0.3232758641242981,8.02719497680664,2.780611038208008,0.3232758641242981,0.0,0.0
000003,256,2.4924988746643066,1.557840347290039,0.59375,2.4924988746643066,1.5580816268920898,0.59375,0.0,0.0
000004,208,4.138988494873047,1.9725451469421387,0.41826924681663513,4.138988494873047,1.976664662361145,0.41826924681663513,0.0,0.0
000005,232,3.120569944381714,1.683197021484375,0.556034505367279,3.120569944381714,1.6932204961776733,0.556034505367279,0.0,0.0
000006,244,1.887677788734436,1.191632866859436,0.6721311211585999,1.887677788734436,1.1950677633285522,0.6721311211585999,0.0,0.0
000007,198,6.8406829833984375,2.4417736530303955,0.28787878155708313,6.8406829833984375,2.449157953262329,0.28787878155708313,0.0,0.0
000008,232,3.267491579055786,2.001614809036255,0.45258620381355286,3.267491579055786,2.0047404766082764,0.45258620381355286,0.0,0.0
000009,212,6.61323881149292,2.7731282711029053,0.25943395495414734,6.61323881149292,2.7759406566619873,0.25943395495414734,0.0,0.0
000010,236,4.743061065673828,2.27956223487854,0.38983049988746643,4.743061065673828,2.2851781845092773,0.38983049988746643,0.0,0.0
000011,205,4.1106672286987305,1.8498632907867432,0.47804877161979675,4.1106672286987305,1.8533105850219727,0.47804877161979675,0.0,0.0
000012,236,6.775214195251465,2.806687116622925,0.31355932354927063,6.775214195251465,2.820641040802002,0.31355932354927063,0.0,0.0
000013,240,4.1632561683654785,2.259549379348755,0.4125000238418579,4.1632561683654785,2.262899160385132,0.4125000238418579,0.0,0.0
000014,196,10.143266677856445,3.2117488384246826,0.2142857164144516,10.143266677856445,3.213397741317749,0.2142857164144516,0.0,0.0
000015,196,9.177901268005371,2.9131762981414795,0.29591837525367737,9.177901268005371,2.9161267280578613,0.29591837525367737,0.0,0.0
000016,192,5.988187313079834,2.7905216217041016,0.3020833432674408,5.988187313079834,2.793271541595459,0.3020833432674408,0.0,0.0
000017,196,3.137789487838745,1.433193564414978,0.6122449040412903,3.137789487838745,1.4333629608154297,0.6122449040412903,0.0,0.0
000018,208,3.803544759750366,1.9013625383377075,0.48557692766189575,3.803544759750366,1.9057488441467285,0.48557692766189575,0.0,0.0
000019,208,4.7000885009765625,2.0692553520202637,0.41826924681663513,4.7000885009765625,2.072460651397705,0.41826924681663513,0.0,0.0
000020,236,4.1248273849487305,2.065178871154785,0.41101694107055664,4.1248273849487305,2.0701730251312256,0.41101694107055664,0.0,0.0
000021,208,5.064589500427246,2.4342896938323975,0.4375000298023224,5.064589500427246,2.438865900039673,0.4375000298023224,0.0,0.0
000022,244,2.4062633514404297,1.4951908588409424,0.5819671750068665,2.4062633514404297,1.4986406564712524,0.5819671750068665,0.0,0.0
