name,valid_full,inference_ms,aepe_512px,cmr5_success,gt_displacement_p90_512px,coarse16_epe_512px,local32_epe_512px,local64_epe_512px,final128_epe_512px,gt_displacement_64+_pixels,gt_displacement_64+_final_epe_512px,outside_first_window_assigned_pixels_pixels,outside_first_window_assigned_pixels_final_epe_512px,inside_first_window_assigned_pixels_pixels,inside_first_window_assigned_pixels_final_epe_512px,first_window_outside_fraction
000000,251162,85.76899999752641,4.977208710468657,True,24.06542205810547,7.256929292647773,8.766947229278314,6.5222918873077935,4.977208932879974,0,,0,,246248,4.9019093556089794,0.0
000001,259362,86.75949997268617,4.402401755266696,True,4.942300319671631,4.82369285014767,6.12574702539308,4.365925810257478,4.402401855321905,0,,0,,255620,4.363224708551757,0.0
000002,237723,78.56410008389503,14.830450011002778,False,192.09580993652344,17.51949958565221,19.37528131480757,17.379484736436947,14.830449725100221,213762,16.065341360952836,86272,15.596595650964392,147200,13.992092391304348,0.36951754385964913
000003,262144,76.34799997322261,4.099646087580194,True,17.260875701904297,4.689130783081055,6.617500305175781,4.555971145629883,4.099646091461182,0,,0,,262144,4.099646091461182,0.0
000004,223888,75.5679999710992,4.990187552026465,True,113.9327621459961,7.4867975282284,7.030328222146788,5.386816175945116,4.990187057814621,160303,5.863316266694946,42461,6.1541723581639625,176566,4.623284989748876,0.1939252336448598
000005,241569,75.76179993338883,5.5567293842578245,False,137.01473999023438,5.864440387632519,7.6930002400970325,5.826100927685258,5.5567291332911095,193408,6.068104085663468,66203,6.449640216455448,172412,5.169239960095585,0.27759914255091106
000006,251960,74.50300001073629,5.33914829733645,False,85.94021606445312,3.425844380060327,7.524083187807588,5.411608985553262,5.339148079060168,120807,5.893322613755825,19373,5.425881058689929,230204,5.29591145245087,0.0778688524590164
000007,216766,74.81680007185787,4.726394054045164,True,186.69696044921875,13.76537833424061,9.11468934242455,6.367848278789109,4.72639418774162,193857,4.87472305617027,76551,4.626442665673864,138589,4.764097890164443,0.3566350710900474
000008,245584,73.91889998689294,5.507228987195901,False,113.47599792480469,7.291861440484722,6.907425768779725,6.415801721610529,5.507228687536648,173543,6.786110646929004,46790,6.655502644795897,195470,5.15855278303576,0.1932418162618796
000009,227326,73.87609989382327,11.27967617620285,False,97.38738250732422,13.07524656220582,10.008007223106905,10.103727686230348,11.279675444075908,138969,11.885744302686211,32865,9.393815609310817,190191,11.464886613982786,0.14776632302405499
000010,247230,74.5011999970302,4.768768761295239,True,105.60550689697266,8.594937912065689,5.313702827326781,4.9169720503175185,4.768768960077661,163181,5.530959486704948,43426,6.145088771703588,201021,4.434971968102835,0.17782426778242677
000011,217437,74.66040004510432,3.207709230547486,True,166.62644958496094,7.243150889682989,4.700886923568666,3.8184606345746124,3.2077090145651384,188572,3.321937376704919,70177,3.235217067201505,143375,3.125005013077594,0.32894736842105265
000012,247230,85.40769992396235,5.441909086434511,False,105.60550689697266,12.827742385632812,9.505121748978684,7.98728663592606,5.441909355660721,163181,6.702999276876597,38565,6.064686244003631,205882,5.284377701790346,0.1579497907949791
000013,251754,78.65529996342957,2.6771249832870643,True,53.036277770996094,8.721460234991302,4.421230149272703,3.252458997672331,2.677125040714348,439,3.1746078178388384,0,,248572,2.6686028092464156,0.0
000014,205800,76.72539993654937,11.187841825850125,False,186.82489013671875,24.22007045675413,16.408140184645287,14.878022351797862,11.187841350826044,184067,12.146214421922451,77017,12.945972967007284,126196,9.95057093727218,0.37969924812030076
000015,206068,76.57739997375757,7.461852364757905,False,174.8206787109375,18.213034047013608,12.051759613331521,10.474430770425297,7.461852398237475,181235,8.084036609926338,72003,7.823420551921448,129366,7.1159307700632315,0.35786802030456855
000016,211724,74.90240002516657,4.868452631838291,True,118.71218872070312,11.828871549753453,7.505660081048913,6.381761160756456,4.868452560881147,156111,5.208245655334986,46538,4.756858978146891,158664,4.86078915191852,0.22693266832917705
000017,236196,74.49160004034638,3.9475437842539853,True,13.548422813415527,6.686677589798303,6.5387993446121015,4.442420172229843,3.9475435655133873,0,,0,,230400,3.8861322699652776,0.0
000018,221774,75.45060000848025,4.313805160404347,True,126.21636199951172,6.79589807642014,6.05676048590006,5.117989484790823,4.313805101138997,170473,4.788961081813542,54679,4.986790518297701,162156,3.972109033893288,0.25235849056603776
000019,221774,73.61169997602701,4.71023489686238,True,126.21636199951172,8.527348223867541,5.586971421356877,5.045201421266695,4.710234856204965,170473,5.462316613188012,52363,5.455532771231595,164472,4.4052084093341115,0.2417452830188679
000020,249022,75.01989998854697,4.1883171991359935,True,97.74512481689453,7.6324014544899645,4.44819835195284,4.706973681040229,4.188317196874172,149677,5.350898100576575,27582,5.599527658436662,218927,3.9579483115376357,0.11203319502074689
000021,224679,75.69900003727525,8.99383124825391,False,109.82683563232422,9.98297571201581,12.409234952977359,10.434782511939256,8.993831199177492,156026,8.078847435683796,42115,6.0966735426807555,178187,9.704676126765701,0.191415313225058
000022,255114,75.32800000626594,3.4688850072410387,True,74.13813018798828,4.784783959327987,4.346004139325949,3.4132213931810877,3.4688849886717312,74761,3.796370266582844,5888,3.6428932521654214,246832,3.455922196068581,0.02327935222672065
