batch,pairs,loss,coarse_epe_256px,corr_ce,valid_coarse,valid_corr,grad_norm_pre_clip,grad_norm_post_clip,parameter_update_abs_max,matching_min_abs_denominator,matching_denominator_below_1e-3,matching_nonpositive_maxima
1,"['000063', '000150']",2.7076821327209473,1.0837260484695435,0.8119779825210571,444,444,109.60995690983944,0.9999999295854161,0.00012351572513580322,0.023424359038472176,0,0
2,"['000039', '000006']",2.6322500705718994,0.9612241387367249,0.8355129361152649,450,450,106.99123380150971,0.9999999668714931,0.00014935806393623352,0.059809714555740356,0,0
3,"['000095', '000046']",2.5009593963623047,1.0487290620803833,0.7261151671409607,412,412,122.88424423571276,0.9999999675084329,0.00015464983880519867,0.07768741250038147,0,0
4,"['000139', '000114']",2.2949466705322266,0.8995115160942078,0.697717547416687,418,418,65.22408800052227,0.9999999433892245,0.00017281249165534973,0.08803755789995193,0,0
5,"['000086', '000145']",2.355177402496338,0.8789844512939453,0.7380964756011963,428,428,103.28115876262625,0.9999999950028645,0.0001548565924167633,0.04448993131518364,0,0
6,"['000085', '000118']",2.331484794616699,0.8355440497398376,0.7479703426361084,468,468,74.96851256232065,1.000000050069767,0.0001422623172402382,0.08882001787424088,0,0
7,"['000112', '000041']",2.5412192344665527,0.8728458881378174,0.8341867327690125,446,446,91.58580980435292,0.9999999317228577,0.0001562461256980896,0.16902200877666473,0,0
8,"['000154', '000033']",2.6128368377685547,1.065442681312561,0.7736971378326416,414,414,133.50711891769515,1.0000000557328934,0.0001565595157444477,0.05615832284092903,0,0
9,"['000155', '000159']",2.687486171722412,0.9347696304321289,0.8763583302497864,424,424,68.23060549202998,1.0000000069779245,0.0001549944281578064,0.05224334076046944,0,0
10,"['000004', '000147']",2.5777745246887207,1.02638578414917,0.7756943106651306,476,476,67.54280125791986,1.0000000142622338,0.0001513725146651268,0.010360787622630596,0,0
11,"['000135', '000058']",2.1290223598480225,0.8420493006706238,0.643486499786377,480,480,89.30600340229991,0.999999982129895,0.00015418743714690208,0.11749432981014252,0,0
12,"['000115', '000146']",2.4479238986968994,0.8613143563270569,0.7933047413825989,500,500,106.23558988803322,1.000000003442197,0.00014258665032684803,0.1080893948674202,0,0
13,"['000082', '000133']",2.4484152793884277,0.9847327470779419,0.7318412065505981,454,454,94.35946965332634,0.999999963118802,0.00015265191905200481,0.08499790728092194,0,0
14,"['000157', '000136']",2.302044630050659,0.8500842452049255,0.7259802222251892,476,476,86.48533320357757,1.0000000519693275,0.0001355237327516079,0.05785616114735603,0,0
15,"['000080', '000072']",2.476421356201172,0.8776949048042297,0.7993631958961487,462,462,80.21476727429977,1.000000093883702,0.00012203492224216461,0.1477028876543045,0,0
16,"['000171', '000078']",2.478910446166992,0.918385922908783,0.780262291431427,440,440,79.65751511156404,0.9999999758378165,0.00014195963740348816,0.07845461368560791,0,0
17,"['000091', '000149']",2.6255335807800293,1.0991976261138916,0.7631680369377136,392,392,107.94202230078274,1.0000001031616685,0.00015476159751415253,0.10390950739383698,0,0
18,"['000175', '000000']",2.4382755756378174,0.9378264546394348,0.7502245306968689,445,445,94.94878024002979,0.999999909614184,0.00013935845345258713,0.0482841432094574,0,0
19,"['000026', '000037']",2.368173599243164,0.8865814208984375,0.7407960891723633,452,452,64.42394405570718,0.9999999968113296,0.000152460765093565,0.12068407982587814,0,0
20,"['000019', '000168']",2.874880790710449,1.1565064191818237,0.8591872453689575,432,432,70.04447005599117,0.9999999892537467,0.00015431828796863556,0.0249586571007967,0,0
21,"['000049', '000098']",2.307180881500244,0.9950620532035828,0.6560594439506531,430,430,95.73175651423495,0.9999999874798109,0.00013961270451545715,0.0264077540487051,0,0
22,"['000099', '000158']",2.993680000305176,1.0179954767227173,0.9878422617912292,432,432,86.99437632752972,1.000000009943581,0.0001550363376736641,0.053722262382507324,0,0
23,"['000056', '000167']",2.818589687347412,1.1901283264160156,0.8142306208610535,392,392,118.07197713295764,0.9999999992003878,0.00019730936037376523,0.01455707661807537,0,0
24,"['000065', '000170']",2.3627405166625977,0.9415315985679626,0.7106044888496399,471,471,80.11560157074165,1.000000023100514,0.0001762437168508768,0.030048204585909843,0,0
25,"['000028', '000016']",2.429993152618408,0.9023492932319641,0.7638218998908997,424,424,76.54447459210176,1.0000000219854157,0.00015801447443664074,0.06431214511394501,0,0
26,"['000153', '000097']",1.9277305603027344,0.8458392024040222,0.5409457087516785,458,458,87.54489896412987,1.000000001845813,0.00014174095122143626,0.14977991580963135,0,0
27,"['000067', '000034']",2.3399829864501953,0.9225675463676453,0.7087077498435974,472,472,121.03449236176921,0.9999999175714043,0.000143478624522686,0.048789843916893005,0,0
28,"['000057', '000162']",2.26637601852417,0.9540772438049316,0.6561494469642639,433,433,124.15969987052225,0.9999999746684427,0.00012960704043507576,0.04375346004962921,0,0
29,"['000142', '000105']",2.5763089656829834,1.0700350999832153,0.753136932849884,448,448,79.36503764794888,0.9999999882286303,0.0001415461301803589,0.02310490980744362,0,0
30,"['000030', '000003']",2.4266300201416016,0.906731128692627,0.7599494457244873,436,436,125.99878548381973,1.000000046565597,0.00012717116624116898,0.10677824914455414,0,0
31,"['000022', '000052']",2.6320338249206543,1.055418610572815,0.7883076667785645,408,408,53.71076714743732,0.9999999969511809,0.00015251524746418,0.07904031127691269,0,0
32,"['000100', '000148']",2.5702106952667236,0.9085878729820251,0.8308114409446716,420,420,108.82563757533214,0.999999958341524,0.00013706088066101074,0.12197645753622055,0,0
33,"['000084', '000152']",2.683617115020752,0.9779494404792786,0.8528338074684143,444,444,111.09378982024496,0.9999999967611646,0.00015074945986270905,0.052245549857616425,0,0
34,"['000023', '000073']",2.9123358726501465,0.9896185994148254,0.9613586664199829,440,440,72.88577584803264,0.9999999276249699,0.00014672614634037018,0.0210226122289896,0,0
35,"['000011', '000119']",2.5053601264953613,0.967591404914856,0.7688843011856079,436,436,143.07325347895625,0.9999999610136264,0.00013984646648168564,0.08256597816944122,0,0
36,"['000001', '000140']",2.037148952484131,0.8767513632774353,0.5801987648010254,488,488,101.419393308768,0.9999999857677336,0.0001504942774772644,0.02989017404615879,0,0
37,"['000008', '000151']",2.6715004444122314,1.0006519556045532,0.8354242444038391,420,420,117.11925814012321,0.9999999182215341,0.0001517883501946926,0.060448434203863144,0,0
38,"['000124', '000107']",3.2408785820007324,1.1688793897628784,1.0359996557235718,392,392,89.04080574724223,0.9999999580927748,0.00015130056999623775,0.01800001785159111,0,0
39,"['000103', '000002']",3.2427468299865723,1.0356155633926392,1.1035656929016113,422,422,119.07822400850897,0.9999999593781131,0.00015618978068232536,0.06394723057746887,0,0
40,"['000071', '000169']",3.558901786804199,1.4986399412155151,1.0301309823989868,438,438,162.4785984217568,0.9999999995706266,0.0001406148076057434,0.029519084841012955,0,0
41,"['000048', '000074']",2.31778621673584,0.8740110397338867,0.7218875288963318,465,465,101.7479711613994,0.9999999249105261,0.00015189126133918762,0.059440311044454575,0,0
42,"['000121', '000079']",3.010829448699951,1.0558521747589111,0.9774886965751648,408,408,125.61028738228863,1.0000000338818906,0.00015501677989959717,0.028284838423132896,0,0
43,"['000101', '000104']",2.5164852142333984,0.9858435988426208,0.7653207778930664,436,436,85.40262698076347,1.0000000330172798,0.00014064274728298187,0.00929197482764721,0,0
44,"['000130', '000173']",2.789095401763916,1.1806000471115112,0.8042477369308472,452,452,107.32254775066949,0.9999999745959492,0.00012679770588874817,0.07807066291570663,0,0
45,"['000015', '000132']",2.2517521381378174,0.8347237706184387,0.7085142135620117,436,436,62.82225781512349,0.9999999877718764,0.000154759269207716,0.10616648942232132,0,0
46,"['000161', '000160']",2.848344326019287,0.9784849286079407,0.9349296689033508,464,464,118.58604140466065,0.9999999829133516,0.00013935856986790895,0.09192834794521332,0,0
47,"['000044', '000061']",2.492124080657959,1.0332671403884888,0.7294285297393799,396,396,147.02083622158935,1.0000000420250421,0.00015099160373210907,0.07478802651166916,0,0
48,"['000007', '000070']",3.0538134574890137,1.1837611198425293,0.935026228427887,418,418,154.67754759690433,1.000000088970163,0.00015435181558132172,0.061541274189949036,0,0
49,"['000113', '000013']",2.684666156768799,1.025895118713379,0.82938551902771,416,416,124.54064092056637,1.0000000175967685,0.00017029093578457832,0.0356999933719635,0,0
50,"['000163', '000083']",2.502042770385742,0.960119366645813,0.7709616422653198,436,436,134.1746064901556,0.9999999917423181,0.00015321699902415276,0.07023163139820099,0,0
51,"['000005', '000059']",2.1030800342559814,0.8327060341835022,0.635187029838562,488,488,78.83470876839719,1.0000000694256463,0.00013807113282382488,0.062151554971933365,0,0
52,"['000040', '000144']",2.561005115509033,0.9922707080841064,0.7843671441078186,422,422,95.76005650702584,0.9999999998655006,0.00014553871005773544,0.031244534999132156,0,0
53,"['000068', '000156']",2.815870761871338,0.9418501853942871,0.9370103478431702,407,407,45.47330387948785,1.0000000205592177,0.00017717108130455017,0.08368537575006485,0,0
54,"['000077', '000174']",2.4434127807617188,0.9663938283920288,0.738509476184845,444,444,120.42037728957901,1.0000000780765868,0.0001593753695487976,0.025148095563054085,0,0
55,"['000032', '000042']",2.762993335723877,1.2330515384674072,0.7649709582328796,436,436,116.02394345455923,1.000000038550763,0.000147184357047081,0.019935477524995804,0,0
56,"['000036', '000092']",2.33913516998291,0.8587847948074341,0.7401751279830933,422,422,90.58073569189773,1.0000000419867279,0.00015108543448150158,0.06554538011550903,0,0
57,"['000017', '000125']",2.7830662727355957,1.1244876384735107,0.8292892575263977,448,448,116.25849253667388,0.9999999866719419,0.00014760345220565796,0.04806092754006386,0,0
58,"['000064', '000134']",2.795997142791748,1.1252552270889282,0.8353710174560547,412,412,88.58717395009293,1.000000007678377,0.000145595520734787,0.06305715441703796,0,0
59,"['000055', '000045']",2.504715919494629,1.014474630355835,0.7451205849647522,434,434,103.02971338098415,0.9999999681944335,0.0001405486837029457,0.10789273679256439,0,0
60,"['000031', '000043']",2.4832725524902344,1.0893398523330688,0.696966290473938,424,424,101.8629878344515,0.9999999890157445,0.00014266316429711878,0.015860728919506073,0,0
61,"['000143', '000172']",2.3021962642669678,0.9553261399269104,0.6734350919723511,432,432,114.2086860546367,1.000000066220043,0.0001280378783121705,0.4461202621459961,0,0
62,"['000051', '000164']",2.228816032409668,1.0110044479370117,0.6089057922363281,500,500,134.55197854914084,1.0000000472333048,0.0001501869410276413,0.06547878682613373,0,0
63,"['000024', '000089']",2.3045992851257324,0.8718230724334717,0.7163880467414856,460,460,60.26776227629434,0.9999999848027065,0.00014898786321282387,0.012188529595732689,0,0
64,"['000108', '000122']",2.513917922973633,1.0269181728363037,0.7434998750686646,484,484,118.64656012471018,1.000000046040428,0.00015489012002944946,0.04942028969526291,0,0
65,"['000018', '000128']",3.020376205444336,0.9756721258163452,1.0223520994186401,436,436,57.70845055532806,0.9999999529219046,0.0001537552452646196,0.03003339096903801,0,0
66,"['000110', '000087']",2.533323287963867,0.9790789484977722,0.7771221399307251,420,420,96.23758002864776,0.9999999006829902,0.00015454739332199097,0.0449429489672184,0,0
67,"['000165', '000075']",2.9837846755981445,1.097919225692749,0.942932665348053,420,420,127.5331717826464,1.0000000183841908,0.00015488057397305965,0.05062330514192581,0,0
68,"['000047', '000012']",2.386329174041748,0.9847259521484375,0.7008015513420105,432,432,77.77580221334205,0.999999865502524,0.0001539735239930451,0.056575339287519455,0,0
69,"['000129', '000131']",2.764650821685791,0.9141878485679626,0.9252314567565918,488,488,100.30370145881486,0.9999998959504719,0.00013858743477612734,0.027568532153964043,0,0
70,"['000053', '000093']",2.257805824279785,0.929108738899231,0.6643485426902771,420,420,148.51253099235572,1.000000046974336,0.0001247738255187869,0.20511990785598755,0,0
71,"['000120', '000060']",2.802797317504883,0.965996265411377,0.9184005856513977,436,436,116.07021809906364,0.9999999733299266,0.00014408864080905914,0.044684745371341705,0,0
72,"['000090', '000010']",2.215611696243286,0.9352628588676453,0.640174388885498,468,468,81.50932297319521,0.9999999833869851,0.00015488173812627792,0.34922540187835693,0,0
73,"['000021', '000081']",2.5351274013519287,0.9755975008010864,0.7797649502754211,476,476,59.7446230655752,1.0000000105741174,0.0001548081636428833,0.048687659204006195,0,0
74,"['000054', '000109']",2.4387435913085938,0.9989064335823059,0.7199185490608215,449,449,104.4415020137914,0.9999999550987497,0.00015504658222198486,0.03985326364636421,0,0
75,"['000141', '000062']",2.424959182739258,0.9725269079208374,0.7262161374092102,400,400,119.74921615127803,1.0000000497507744,0.00015018507838249207,0.03688954561948776,0,0
76,"['000088', '000035']",1.8123788833618164,0.8454046249389648,0.4834870994091034,414,414,104.82273853211919,0.9999999377332139,0.00013476703315973282,0.4981040358543396,0,0
77,"['000009', '000127']",3.217552900314331,1.102694034576416,1.0574294328689575,424,424,64.37306350597599,1.0000000357805008,0.0001552412286400795,0.018884342163801193,0,0
78,"['000102', '000138']",2.3435397148132324,0.8299288749694824,0.7568053603172302,444,444,70.1389014385057,1.0000000252365977,0.000151854008436203,0.08795123547315598,0,0
79,"['000096', '000116']",2.6442251205444336,1.0644943714141846,0.7898653745651245,416,416,71.80470977410171,0.9999999568887408,0.00013767369091510773,0.02603824809193611,0,0
80,"['000111', '000029']",2.8022263050079346,0.981789767742157,0.9102182388305664,438,438,76.21677951060137,0.9999999417885057,0.00015402771532535553,0.09257686883211136,0,0
81,"['000137', '000025']",2.2284152507781982,0.8394656777381897,0.6944748163223267,460,460,71.44624148646446,0.9999999248496514,0.00015203282237052917,0.1173912063241005,0,0
82,"['000094', '000014']",2.1337332725524902,0.9642041921615601,0.5847645998001099,472,472,68.16538197910967,0.9999999996846918,0.000156402587890625,0.04745091497898102,0,0
83,"['000038', '000027']",2.538372278213501,1.0395410060882568,0.7494156360626221,421,421,66.94276969362161,0.9999999755235252,0.00015271082520484924,0.037868935614824295,0,0
84,"['000066', '000020']",2.506836175918579,0.8769245743751526,0.8149557709693909,428,428,57.96723614903305,0.9999998988177936,0.0001515734475106001,0.1014011949300766,0,0
85,"['000069', '000123']",3.613828659057617,1.2629098892211914,1.175459384918213,408,408,86.88964238226538,1.0000000603478145,0.0001568179577589035,0.10896164178848267,0,0
86,"['000106', '000117']",2.623107433319092,0.8640236854553223,0.8795419335365295,472,472,99.1815981154232,1.0000000388709043,0.00016590207815170288,0.10061480104923248,0,0
87,"['000126', '000166']",2.848597288131714,0.9137586951255798,0.9674192667007446,418,418,94.53087493370222,0.9999999414634615,0.00015218183398246765,0.10203467309474945,0,0
88,"['000050', '000076']",3.145251750946045,1.1546573638916016,0.9952971935272217,388,388,86.97076203931877,1.000000064912301,0.00015537533909082413,0.05478598177433014,0,0
