name,valid_full,gt_displacement_p90_512px,epe_coarse16_512px,epe_local32_512px,epe_local64_512px,epe_final128_512px,local32_outside_fraction,local64_outside_fraction,final128_outside_fraction,local32_bilinear_center_outside_fraction,final128_bilinear_center_outside_fraction,gt_displacement_0-8_pixels,gt_displacement_0-8_coarse_epe_512px,gt_displacement_0-8_final_epe_512px,gt_displacement_8-16_pixels,gt_displacement_8-16_coarse_epe_512px,gt_displacement_8-16_final_epe_512px,gt_displacement_16-32_pixels,gt_displacement_16-32_coarse_epe_512px,gt_displacement_16-32_final_epe_512px,gt_displacement_32-64_pixels,gt_displacement_32-64_coarse_epe_512px,gt_displacement_32-64_final_epe_512px,gt_displacement_64+_pixels,gt_displacement_64+_coarse_epe_512px,gt_displacement_64+_final_epe_512px,visible_edge_top25pct_pixels,visible_edge_top25pct_coarse_epe_512px,visible_edge_top25pct_final_epe_512px,other_valid_pixels,other_valid_coarse_epe_512px,other_valid_final_epe_512px,last_stage_worsened_pixel_fraction
000000,251162,24.06542205810547,11.983991407935914,6.599106851354902,5.359538863363088,4.463845545902645,0.001037344398340249,0.0,0.2269349051768324,0.0,0.0371604305484367,26405,8.410424162090512,2.6169463643249387,79292,8.799626696261917,3.5947392233768856,145465,14.368447736568934,5.272841405149005,0,,,0,,,62791,7.7323541590355305,2.926047323661034,188371,13.401220198438189,4.976450395761556,0.3939170734426386
000001,259362,4.942300319671631,6.1564020558138814,4.569411671717522,3.9945592453790457,4.493057965314888,0.0,0.0,0.005711447727837099,0.0,0.0,259362,6.1564020558138814,4.493057965314888,0,,,0,,,0,,,0,,,64841,5.429551711108712,2.7709628167363243,194521,6.3986870312202795,5.067095583510263,0.5853594589801128
000002,237723,192.09580993652344,34.43964614277962,32.14961530857342,30.787706700655804,25.818719686357653,0.41118421052631576,0.3892818280739935,0.8791430881164106,0.06469298245614036,0.6432228509835624,373,16.377807944453753,2.0643578905202746,1108,16.313314389666065,2.805939932592509,4508,15.137328776619343,4.112449395519077,17972,13.031831633930558,6.697146081404407,213762,36.77203618978116,28.04485596130276,59431,25.28797681344753,15.842077367030674,178292,37.490215489197496,29.144285778386017,0.20165486721941084
000003,262144,17.260875701904297,11.935998916625977,8.009943008422852,6.993337631225586,5.782365798950195,0.0,0.00048828125,0.10595703125,0.0,0.09906005859375,54997,6.066377484226412,3.1000665377202394,161838,10.724715456196938,5.052329335508348,45309,23.387216116003444,11.645793330243439,0,,,0,,,65536,15.331195831298828,6.862009048461914,196608,10.804266611735025,5.422484715779622,0.4112663269042969
000004,223888,113.9327621459961,19.978826466804833,11.849496176659759,9.006240843636103,7.252613471914529,0.2324766355140187,0.0008640552995391706,0.7029141544645421,0.03271028037383177,0.14922480620155038,989,2.2838168091190596,2.461520080257836,2996,4.545045738067423,2.3191193401097294,11916,9.790213788183955,2.432740118328298,47684,18.843064497525376,3.5605509709755894,160303,21.471658359481733,8.83090693873477,55972,14.460567337240049,4.819560449867791,167916,21.81824543223993,8.063631518140022,0.28448599299649824
000005,241569,137.01473999023438,15.67755382520108,6.946017493966528,5.604167960292918,4.593266313144484,0.27438370846730975,0.0,0.6873879258816498,0.0,0.014876801487680148,749,12.410512193341122,3.4408560372162884,2248,13.01429829987767,3.4286544636899468,9044,14.330571373286157,2.947899030089009,36120,12.976199127906977,3.218153464147287,193408,16.288641111019192,4.945014554723693,60393,14.54243455367344,4.1120726946831585,181176,16.055931801121563,4.753666669426414,0.34646415723871854
000006,251960,85.94021606445312,6.760694157802826,6.694192530560406,5.3589617399587235,5.544375595332593,0.0584016393442623,0.0,0.6162605763725428,0.0,0.00031808639226413895,2053,5.060688150724549,3.5939904541372383,6152,5.422654726105332,3.5369446038889794,24596,5.670554917466255,4.148277095361034,98352,4.92454716223361,5.270406295754026,120807,8.574525896678173,6.18703489863998,62990,6.425230195269091,4.92572630576282,188970,6.872515478647404,5.750592025189183,0.56666534370535
000007,216766,186.69696044921875,27.233634426063126,24.095134845870664,23.207970807229916,22.311983890462525,0.39691943127962087,0.21217547000895254,0.8590996594106323,0.07464454976303317,0.5775211017325633,357,13.070977219012605,2.9400268896621147,1076,13.209502606586897,3.0160874150499537,4288,12.613067171466884,3.399779134721898,17188,14.996212837444729,4.4933638294158715,193857,28.745962229891106,24.45294469634834,54192,29.749520224387364,17.873576819456748,162574,26.394995509737104,23.791470345811753,0.4303719217958536
000008,245584,113.47599792480469,15.210004519838426,6.34738012248355,5.506020343344844,4.1535136653853675,0.22280887011615627,0.0,0.6572585914020646,0.0,0.020841500065333855,1117,11.001883183191584,1.9006004504252463,3384,11.25379312573877,2.1232047295175827,13516,11.294639223882806,1.6015416913287954,54024,7.940242415407967,2.0143521282207906,173543,17.882253965875893,5.072281077312251,61396,13.666811559384977,3.4460087994331876,184188,15.72440251265012,4.389348790366364,0.3463092058114535
000009,227326,97.38738250732422,44.84600969532742,41.40395291343709,41.29101818533736,43.658903952913434,0.31844215349369986,0.45051194539249145,0.8993781797625777,0.18671248568155785,0.7893583945732052,1369,74.42920242878013,60.40355642804967,4144,73.0482927123552,59.901359646476834,16568,66.72258268952197,56.419626690004826,66276,47.75400220290905,46.206481230007846,138969,39.71859911203218,40.27329116565565,56832,51.32332136824324,54.053385416666664,170494,42.68688047673232,40.1940302884559,0.5901040796037409
000010,247230,105.60550689697266,19.56100796828864,7.201682643692108,6.567334061400316,7.608548719815556,0.21443514644351463,0.008844953173777315,0.6622121310411937,0.04602510460251046,0.060460590334090174,1313,17.842223795696878,6.2942078612909365,3936,16.68925066692073,5.043734914888211,15744,13.824274326727643,4.290110518292683,63056,14.152697602131438,5.867905116087288,163181,22.287464533248357,8.673773294685043,61808,18.731810607041158,5.873558034558633,185422,19.837411418278307,8.18688586036177,0.6054928608987582
000011,217437,166.62644958496094,16.576150793103288,8.928677042085754,6.569839769680414,6.050537626990806,0.3361244019138756,0.0,0.7039279385705848,0.0,0.04090372120496161,437,17.452554034968536,1.8614339937607265,1352,17.2706508297892,1.9282822467871672,5420,13.953011127767528,2.020394120445111,21656,11.784778179257481,3.1297233589998155,188572,17.194788993063657,6.541068530852937,54360,15.65425979580574,4.226885002759382,163077,16.883453828559514,6.658432826210931,0.4207701541136053
000012,247230,105.60550689697266,34.07219188609797,21.394850948509486,20.598729927597784,17.302823281964162,0.24267782426778242,0.16207075962539022,0.80447615958482,0.12133891213389121,0.5013947453778786,1313,28.077410986290936,9.573416972105864,3936,27.2324814214939,10.644614615091463,15744,27.937384876778456,11.946979801829269,63056,32.107208275183964,14.088113145458006,163181,35.636605977411584,19.284575103719185,61808,41.00052582190008,18.439562839761845,185422,31.762722330683523,16.923903312444047,0.3398576224568216
000013,251754,53.036277770996094,15.64660740246431,7.6516674015109984,6.08046197875704,4.080322209378997,0.023662551440329218,0.003067484662576687,0.5404233613874012,0.0,0.09359857179290997,5385,10.171605878597957,1.4469962315749767,16088,12.99758845878916,1.6395624844604675,64516,13.989473541447083,1.7822541113832229,165326,16.723809322187677,5.27618236091117,439,17.747666482773347,13.19847576167426,62939,14.340090206390315,2.7727283560272644,188815,16.082117416518816,4.516191444006037,0.30518283721410583
000014,205800,186.82489013671875,49.00369290573372,53.69584062196307,52.18846452866861,48.13303692905734,0.45112781954887216,0.6984576644633302,0.9553286037265144,0.17293233082706766,0.8961565447883371,341,48.51107725439883,9.943955049486803,1012,48.6404706027668,9.982446964550395,4080,46.049226409313725,10.64596928615196,16300,37.52529524539877,15.463908167177914,184067,50.0885547110563,52.137477114311636,51450,41.37986394557823,35.957648202137996,154350,51.54496922578555,52.19149983803045,0.2801457725947522
000015,206068,174.8206787109375,31.671511345769357,32.3321112448318,31.209993788458178,28.824511811634995,0.3629441624365482,0.3933500627352572,0.8880922693266833,0.025380710659898477,0.674173940149626,385,42.39384131493507,17.476636059253245,1180,42.30955376059322,17.60175615730932,4656,40.31496321950172,17.72314620919244,18612,37.801193450462065,19.571385396518377,181235,30.727930587358955,30.157141280657708,51517,35.33323951317041,24.566043733136635,154551,30.45094176032507,30.24400036233994,0.348870275831279
000016,211724,118.71218872070312,21.52071564867469,8.874534181292626,6.62343133041129,4.07369411356294,0.2506234413965087,0.0,0.6686161324624031,0.0,0.026051951997569496,869,8.890560944692174,1.2605578880178365,2620,9.864172083730915,1.792199427480916,10420,12.371734794865644,2.5628340181142035,41704,16.430300450796086,2.6694070862507195,156111,23.75719199800142,4.603635794402701,52931,18.442169994899018,3.4756245158791637,158793,22.546895958889877,4.273050449327111,0.26747558141731687
000017,236196,13.548422813415527,13.039168741214922,6.3532368245016855,4.404428155006859,3.593556304933191,0.0,0.0,0.027291666666666665,0.0,0.018819444444444444,80377,10.126567612625502,2.9542398633937568,153530,14.409713085390477,3.896437992574741,2289,23.38719145915247,5.727607750382263,0,,,0,,,59049,11.014556766414334,3.074868435536588,177147,13.714039752296115,3.7664517321772313,0.34117427898863656
000018,221774,126.21636199951172,14.082473599249687,8.266353359726569,6.451142830088288,4.55465868406576,0.2665094339622642,0.0,0.6698543794827212,0.0,0.009997826559443599,793,14.310315357030264,2.753323760639975,2404,13.725486818843594,2.8628953371984194,9620,14.291008316008316,3.047739288266632,38484,16.057038314624258,3.569270670928178,170473,13.62892364186704,4.894382101564471,55444,13.057607676213838,4.092907088684077,166330,14.424098178320207,4.708577451451933,0.24349112159225156
000019,221774,126.21636199951172,18.8467245935051,10.065862093843283,8.653031351736452,7.8743253266839215,0.2358490566037736,0.0008736167734420501,0.7090487575164819,0.0,0.14540317322321233,793,13.781823869010088,0.8923176672840479,2404,14.355774230449251,0.9858092753938748,9620,15.644221023908523,1.3934634266177235,38484,19.84329526556491,3.348057999753144,170473,18.88936077853971,9.391465950619747,55444,18.191781346944666,5.12885524132458,166330,19.065039379546683,8.789493025912343,0.4189715656479118
000020,249022,97.74512481689453,18.558639397322324,5.939851699849813,5.563886423689473,5.103415561677282,0.15767634854771784,0.0,0.657286367441561,0.032157676348547715,0.03573958400412132,1565,16.72576627396166,3.0505909295127798,4656,17.22104542525773,2.772473941553909,18596,17.39165680791568,2.4368723448591094,74528,15.909711786174324,2.9950983187526834,149677,20.083367852108207,6.578467299585107,62256,15.940656322282189,4.558740322217939,186766,19.4313097673024,5.284976588351199,0.44124213924874106
000021,224679,109.82683563232422,28.4481193168921,14.460656091579542,13.536149350851659,11.933182451408454,0.1751740139211137,0.013789141051422005,0.7506616121879693,0.06264501160092807,0.27966525999570846,1085,6.308906970046083,19.103013392857143,3196,11.827441772919274,18.84723335810388,12868,20.02930476764066,16.42552868549891,51504,26.147473982603294,11.200522046831313,156026,30.396299334726265,11.613050068578314,56170,24.88241944098273,11.39013708385259,168509,29.636695962826913,12.114198648143423,0.42075583387855564
000022,255114,74.13813018798828,10.0505264313209,3.4512271964690293,3.3844136836865086,3.3390655746058626,0.02327935222672065,0.0,0.599798893916541,0.0,0.0,2801,6.509480431096037,2.0776766389235988,8444,8.915674221340597,2.6079827854837756,33816,12.129576236101254,3.313600856473267,135292,8.609278449575733,3.3850250753924844,74761,11.97914186541111,3.397244845240165,63779,9.842436381881184,2.9779281777701123,191335,10.119889199571432,3.4594458018658374,0.4041957713022413
