name,original,bilinear_deconv4_only,bilinear_deconv2_only,bilinear_both
000000,4.463845545902645,9.586667170989243,16.091576353110742,23.920087433608586
000001,4.493057965314888,4.715544297159954,6.53806070280149,7.512351462434744
000002,25.818719686357653,49.322152252832076,61.913689462105054,111.59522637691768
000003,5.782365798950195,6.429590225219727,14.994382858276367,17.113636016845703
000004,7.252613471914529,46.13453155149003,67.30911437861788,117.2518044736654
000005,4.593266313144484,35.9933559355712,72.99213889199359,109.75130087055872
000006,5.544375595332593,9.700519923797428,48.671257342435304,65.64772186061279
000007,22.311983890462525,48.906230681933515,65.05542382107895,114.84287203712759
000008,4.1535136653853675,28.44647656199101,60.745317284513646,96.8622955892892
000009,43.658903952913434,54.99506435691474,73.27679191997396,96.82346937877762
000010,7.608548719815556,21.68396634712616,54.411843222909845,82.75437446911782
000011,6.050537626990806,32.99587466714497,87.11047337849584,107.88774679562356
000012,17.302823281964162,31.042810338551146,42.6457468753792,65.92543785139344
000013,4.080322209378997,7.190764099080849,31.810521381984,38.02675230582235
000014,48.13303692905734,71.5166472303207,45.15762876579203,90.97638483965015
000015,28.824511811634995,45.84601199604014,67.81320243803016,108.62623988198071
000016,4.07369411356294,23.270321267310273,59.379843569930664,94.43110842417487
000017,3.593556304933191,4.519726731189351,9.688784949787465,12.805567198428424
000018,4.55465868406576,30.61071180571212,74.57204631742223,107.54971277065842
000019,7.8743253266839215,28.27808489723773,58.51060990016864,88.12679574702175
000020,5.103415561677282,12.364777007653942,48.85672350234116,63.56248443912586
000021,11.933182451408454,35.13506380213549,53.55983425242235,71.32769862782014
000022,3.3390655746058626,9.922767860642693,39.2550938012026,52.56011822165777
