name,valid_pixels,smoothfusion_keyframe_epe_512px,attention_epe_512px,smooth_minus_attention_epe_512px,smoothfusion_keyframe_ms,attention_ms
000000,251162,9.016740199370178,4.463845724493662,4.552894474876516,71.42650010064244,76.86010003089905
000001,259362,4.105647131951685,4.4930580010391745,-0.3874108690874891,71.0054999217391,76.42059994395822
000002,237723,124.0486963017422,25.81871962599295,98.22997667574924,75.47239994164556,78.01229995675385
000003,262144,4.005626229423317,5.782365883252815,-1.7767396538294982,75.84229996427894,74.57349996548146
000004,223888,8.331792841714893,7.252613647987125,1.0791791937277688,77.71450001746416,74.86499997321516
000005,241569,22.491600776605118,4.593266139181435,17.898334637423684,76.5325000975281,76.8205999629572
000006,251960,5.36659478171055,5.54437572635309,-0.17778094464254046,75.71370003279299,75.62020001932979
000007,216766,117.45235509756242,22.31198407566331,95.14037102189911,75.28370001818985,77.96799996867776
000008,245584,21.25774294070396,4.153513778452577,17.104229162251382,74.39339999109507,72.09890009835362
000009,227326,52.23258720675611,43.65890068886519,8.57368651789092,70.18330006394535,71.08929997775704
000010,247230,32.692550010528876,7.608548788780578,25.0840012217483,75.64619998447597,71.82119996286929
000011,217437,45.43521360296586,6.05053783782257,39.38467576514329,76.81300002150238,71.70390000101179
000012,247230,41.949575602132576,17.302822243185325,24.64675335894725,71.92230003420264,73.81670002359897
000013,251754,2.595937993094548,4.080322348633704,-1.4843843555391558,71.18349999655038,75.18149993848056
000014,205800,83.55566013079111,48.133037972134595,35.422622158656516,73.84810002986342,72.30490003712475
000015,206068,92.39298401882326,28.824512292608194,63.568471726215066,72.1738999709487,72.40830000955611
000016,211724,25.3303073320956,4.0736941037912935,21.256613228304307,71.48530008271337,72.32809998095036
000017,236196,4.587142315209306,3.593556145150024,0.9935861700592818,72.47399992775172,72.28800002485514
000018,221774,5.940164859746456,4.554658547377913,1.385506312368543,72.9861999861896,71.58570003230125
000019,221774,34.60289821246531,7.8743253366792825,26.72857287578603,72.40050006657839,71.1874000262469
000020,249022,9.69727621806142,5.103416009204568,4.593860208856852,71.40679995063692,70.73700008913875
000021,224679,40.89349047556043,11.933182546462657,28.96030792909777,72.94610003009439,74.291400029324
000022,255114,3.8065039695499414,3.3390654341341595,0.46743853541578195,70.97350002732128,73.79289995878935
